<addons>
    <addon id="plugin.video.aries"
           name="Aries"
           version="1.0.1"
           provider-name="rcbt2000-byte">
        <extension point="xbmc.python.pluginsource" library="default.py">
            <provides>video</provides>
        </extension>
        <extension point="xbmc.addon.metadata">
            <summary>Aries Streaming Addon</summary>
            <description>Streaming addon with Trakt, Real-Debrid, and CocoScrapers integration.</description>
            <platform>all</platform>
            <assets>
                <icon>icon.png</icon>
                <fanart>fanart.jpg</fanart>
            </assets>
        </extension>
    </addon>
</addons>