<addon id="repository.aries"
       name="Aries Repository"
       version="1.0.0"
       provider-name="rcbt2000-byte">
    <extension point="xbmc.addon.repository"
               name="Aries Repository">
        <info compressed="false">https://raw.githubusercontent.com/rcbt2000-byte/Aries/main/addons.xml</info>
        <checksum>https://raw.githubusercontent.com/rcbt2000-byte/Aries/main/addons.xml.md5</checksum>
        <datadir zip="true">https://github.com/rcbt2000-byte/Aries/releases/download/Aries/</datadir>
    </extension>
    <extension point="xbmc.addon.metadata">
        <summary>Aries Repository for Kodi</summary>
        <description>Official repository for the Aries video addon.</description>
        <platform>all</platform>
        <assets>
            <icon>icon.png</icon>
            <fanart>fanart.jpg</fanart>
        </assets>
    </extension>
</addon>
